<asf xmlversion="1.0">
	<project caption="Generic HID Device Demo (Low Level APIs)" id="lufa.demos.device.lowlevel.generic_hid.example.avr8">
		<require idref="lufa.demos.device.lowlevel.generic_hid"/>
		<require idref="lufa.boards.dummy.avr8"/>
		<generator value="as5_8"/>

		<device-support value="at90usb1287"/>
		<config name="lufa.drivers.board.name" value="none"/>

		<build type="define" name="F_CPU" value="16000000UL"/>
		<build type="define" name="F_USB" value="16000000UL"/>
	</project>

	<project caption="Generic HID Device Demo (Low Level APIs)" id="lufa.demos.device.lowlevel.generic_hid.example.xmega">
		<require idref="lufa.demos.device.lowlevel.generic_hid"/>
		<require idref="lufa.boards.dummy.xmega"/>
		<generator value="as5_8"/>

		<device-support value="atxmega128a1u"/>
		<config name="lufa.drivers.board.name" value="none"/>

		<build type="define" name="F_CPU" value="32000000UL"/>
		<build type="define" name="F_USB" value="48000000UL"/>
	</project>

	<module type="application" id="lufa.demos.device.lowlevel.generic_hid" caption="Generic HID Device Demo (Low Level APIs)">
		<info type="description" value="summary">
		Generic HID device demo, implementing a device whose LEDs can be controlled via HID messages from the host. This demo uses the Low Level LUFA APIs to manually implement a USB Class for demonstration purposes without using the simpler in-built LUFA Class Driver APIs.
		</info>

 		<info type="gui-flag" value="move-to-root"/>

		<info type="keyword" value="Technology">
			<keyword value="Low Level APIs"/>
			<keyword value="USB Device"/>
			<keyword value="HID Class"/>
		</info>

		<device-support-alias value="lufa_avr8"/>
		<device-support-alias value="lufa_xmega"/>
		<device-support-alias value="lufa_uc3"/>

		<build type="distribute" subtype="user-file" value="doxyfile"/>
		<build type="distribute" subtype="user-file" value="GenericHID.txt"/>
		<build type="distribute" subtype="directory" value="HostTestApp"/>

		<build type="c-source" value="GenericHID.c"/>
		<build type="c-source" value="Descriptors.c"/>
		<build type="header-file" value="GenericHID.h"/>
		<build type="header-file" value="Descriptors.h"/>

		<build type="module-config" subtype="path" value="Config"/>
		<build type="module-config" subtype="required-header-file" value="AppConfig.h"/>
		<build type="header-file" value="Config/AppConfig.h"/>
		<build type="header-file" value="Config/LUFAConfig.h"/>

		<require idref="lufa.common"/>
		<require idref="lufa.platform"/>
		<require idref="lufa.drivers.usb"/>
		<require idref="lufa.drivers.board"/>
		<require idref="lufa.drivers.board.leds"/>
	</module>
</asf>
